Workbook

Sheet Prediction Ledger
A1: PREDICT — fill in before the test | F1: COMPARE — filled in after the test (example data)
A2: ID | B2: Persona | C2: Predicted behavior | D2: Confidence | E2: Feature / Screen | F2: Actual behavior | G2: Delta | H2: Persona update needed | I2: Status
A3: P-01 | B3: Daniel | C3: Can’t restate the scenario in one line from the panel — asks an analyst for the “what this says” before MBR/IC. | D3: High | E3: Side Panel (CXP) | F3: All 3 exec reviewers asked an analyst to summarize before MBR; none self-served the story from the panel. | G3: Correct | H3: Confirmed — build the scenario-narrative headline. | I3: Validated
A4: P-02 | B4: Daniel | C4: Reads the rule pills (“+10% Consumer Paid Jul–Oct”) but can’t translate them into a business narrative unaided. | D4: High | E4: Side Panel (CXP) | F4: Understood each pill, but 2 of 3 still asked “so what’s the net move?” | G4: Wrong axis | H4: Right area, wrong reason — the miss is aggregation, not pill wording. Add an aggregate summary. | I4: Updated
A5: P-03 | B5: Daniel | C5: Asks “how does this compare to ABP?” and can’t answer it from the screen. | D5: High | E5: Side Panel (CXP) | F5: Every reviewer asked for ABP variance within 30 seconds — unanimous. | G5: Correct | H5: Confirmed — ABP delta is table-stakes. | I5: Validated
A6: P-04 | B6: Daniel | C6: Rebuilds the scenario in slides/Excel before IC because Save produces no shareable artifact. | D6: Medium | E6: Side Panel (CXP) | F6: 1 of 3 rebuilt in slides; the other 2 said a clean PDF export would be enough. | G6: Overestimated | H6: Soften “always rebuilds” — an export artifact satisfies most; full rebuild is the exception. | I6: Updated
A7: P-05 | B7: Camila | C7: Won’t sign off — can’t see why +10% (no benchmark or data source attached to the rule). | D7: High | E7: Side Panel (CXP) | F7: Finance reviewer refused to approve a rule with no rationale attached — exactly as predicted. | G7: Correct | H7: Confirmed — rationale field is a gating requirement. | I7: Validated
A8: P-06 | B8: Camila | C8: Treats every adjusted cell as equally uncertain and asks for offline backup per driver. | D8: Medium | E8: Side Panel (CXP) | F8: Wanted a confidence signal, but only for the top 3 material drivers — not every cell. | G8: Overestimated | H8: Scope the confidence indicator to material drivers, not all cells. | I8: Updated
A9: P-07 | B9: Camila | C9: Can’t decode the A/F/C/B corner badges without a legend and asks what they mean. | D9: High | E9: Side Panel (CXP) | F9: Both finance testers asked what the badges meant in the first minute. | G9: Correct | H9: Confirmed — surface the legend inline. | I9: Validated
A10: P-08 | B10: Camila | C10: Asks for “vs. ABP / vs. target,” not “vs. session baseline.” | D10: High | E10: Side Panel (CXP) | F10: Confirmed — reviewer ignored “was X” entirely and asked for plan variance. | G10: Correct | H10: Confirmed — reinforces P-03; one variance column serves both. | I10: Validated
A11: P-09 | B11: Camila | C11: Looks for the creation:activation metric, doesn’t find it, and falls back to her own model. | D11: Medium | E11: Side Panel (CXP) | F11: Reviewer never looked for it here — said that metric lives in a separate report. | G11: Overestimated | H11: Remove the creation:activation expectation from this surface — it’s a different report. | I11: Updated
A12: P-10 | B12: Marco | C12: Finds the 5-step wizard too slow for a simple +2% — wants a ~3-click path. | D12: High | E12: Side Panel (Market) | F12: 4 of 5 finished the wizard, but all 5 asked for a faster repeat path; 1 abandoned mid-flow. | G12: Overestimated | H12: Soften “abandons wizard” — completion is fine; the real need is speed on repeat. | I12: Updated
A13: P-11 | B13: Marco | C13: Is disoriented when the panel auto-closes and hunts to see the impact in context. | D13: Medium | E13: Side Panel (Market) | F13: 3 of 5 re-opened the panel to confirm the change landed — visible friction. | G13: Correct | H13: Confirmed — show an impact summary before close. | I13: Validated
... A26: P-24 | B26: Elena | C26: Expects scenarios to persist and share across planning cycles — loses them on refresh. | D26: High | E26: Side Panel (CXP) | F26: Lost a scenario on refresh and was visibly frustrated — exactly as predicted. | G26: Correct | H26: Confirmed — named, shareable, persistent scenarios. | I26: Validated
A27: P-25 | B27: Marco | C27: (none — unpredicted) | E27: Side Panel (Market) | F27: Ops users tried to undo a bulk edit and expected an edit history / rollback — no persona anticipated this. | G27: Surprising | H27: Add “expects undo / rollback” to Marco (likely all operators). | I27: Updated
A28: P-26 | B28: Camila | C28: (none — unpredicted) | E28: Side Panel (CXP) | F28: Finance reviewer asked who else had edited the scenario (multi-user attribution) — unforeseen. | G28: Surprising | H28: Add “wants edit attribution — who changed what” to Camila. | I28: Updated
A29: P-27 | B29: Sarah | C29: (none — unpredicted) | E29: Side Panel (Market) | F29: Analyst wanted to export the adjusted table to Excel to run her own checks — not predicted. | G29: Surprising | H29: Add “wants data export for offline analysis” to Sarah. | I29: Updated

Sheet Fill-in Ledger
A1: PREDICT — fill in before the test | F1: COMPARE — your turn: fill in after the test
A2: ID | B2: Persona | C2: Predicted behavior | D2: Confidence | E2: Feature / Screen | F2: Actual behavior | G2: Delta | H2: Persona update needed | I2: Status
A3: P-01 | B3: Daniel | C3: Can’t restate the scenario in one line from the panel — asks an analyst for the “what this says” before MBR/IC. | D3: High | E3: Side Panel (CXP) | I3: Open
A4: P-02 | B4: Daniel | C4: Reads the rule pills (“+10% Consumer Paid Jul–Oct”) but can’t translate them into a business narrative unaided. | D4: High | E4: Side Panel (CXP) | I4: Open
A5: P-03 | B5: Daniel | C5: Asks “how does this compare to ABP?” and can’t answer it from the screen. | D5: High | E5: Side Panel (CXP) | I5: Open
A6: P-04 | B6: Daniel | C6: Rebuilds the scenario in slides/Excel before IC because Save produces no shareable artifact. | D6: Medium | E6: Side Panel (CXP) | I6: Open
A7: P-05 | B7: Camila | C7: Won’t sign off — can’t see why +10% (no benchmark or data source attached to the rule). | D7: High | E7: Side Panel (CXP) | I7: Open
A8: P-06 | B8: Camila | C8: Treats every adjusted cell as equally uncertain and asks for offline backup per driver. | D8: Medium | E8: Side Panel (CXP) | I8: Open
A9: P-07 | B9: Camila | C9: Can’t decode the A/F/C/B corner badges without a legend and asks what they mean. | D9: High | E9: Side Panel (CXP) | I9: Open
A10: P-08 | B10: Camila | C10: Asks for “vs. ABP / vs. target,” not “vs. session baseline.” | D10: High | E10: Side Panel (CXP) | I10: Open
A11: P-09 | B11: Camila | C11: Looks for the creation:activation metric, doesn’t find it, and falls back to her own model. | D11: Medium | E11: Side Panel (CXP) | I11: Open
A12: P-10 | B12: Marco | C12: Finds the 5-step wizard too slow for a simple +2% — wants a ~3-click path. | D12: High | E12: Side Panel (Market) | I12: Open
A13: P-11 | B13: Marco | C13: Is disoriented when the panel auto-closes and hunts to see the impact in context. | D13: Medium | E13: Side Panel (Market) | I13: Open
A14: P-12 | B14: Marco | C14: Tries to use it on his phone while in market and can’t (desktop-only). | D14: High | E14: Side Panel (Market) | I14: Open
... A26: P-24 | B26: Elena | C26: Expects scenarios to persist and share across planning cycles — loses them on refresh. | D26: High | E26: Side Panel (CXP) | I26: Open

Sheet Scorecard
A1: Scorecard — how calibrated is each persona?
A2: Auto-updates from the ledger’s Delta column. Rising accuracy across rounds = personas improving.
A4: Persona | B4: Logged | C4: Correct | D4: Overestimated | E4: Underestimated | F4: Wrong axis | G4: Surprising | H4: Accuracy | I4: Top delta to fix
A5: Daniel | B5: =COUNTIF('Prediction Ledger'!$B$3:$B$212,$A5) -> 4 | C5: =COUNTIFS('Prediction Ledger'!$B$3:$B$212,$A5,'Prediction Ledger'!$G$3:$G$212,"Correct") -> 2 | D5: =COUNTIFS('Prediction Ledger'!$B$3:$B$212,$A5,'Prediction Ledger'!$G$3:$G$212,"Overestimated") -> 1 | E5: =COUNTIFS('Prediction Ledger'!$B$3:$B$212,$A5,'Prediction Ledger'!$G$3:$G$212,"Underestimated") -> 0 | F5: =COUNTIFS('Prediction Ledger'!$B$3:$B$212,$A5,'Prediction Ledger'!$G$3:$G$212,"Wrong axis") -> 1 | G5: =COUNTIFS('Prediction Ledger'!$B$3:$B$212,$A5,'Prediction Ledger'!$G$3:$G$212,"Surprising") -> 0 | H5: =IFERROR(C5/(C5+D5+E5+F5),"—") -> 0.5 | I5: =IF(SUM(D5:G5)=0,"—",INDEX($D$4:$G$4,MATCH(MAX(D5:G5),D5:G5,0))) -> Overestimated
A6: Camila | B6: =COUNTIF('Prediction Ledger'!$B$3:$B$212,$A6) -> 6 | C6: =COUNTIFS('Prediction Ledger'!$B$3:$B$212,$A6,'Prediction Ledger'!$G$3:$G$212,"Correct") -> 3 | D6: =COUNTIFS('Prediction Ledger'!$B$3:$B$212,$A6,'Prediction Ledger'!$G$3:$G$212,"Overestimated") -> 2 | E6: =COUNTIFS('Prediction Ledger'!$B$3:$B$212,$A6,'Prediction Ledger'!$G$3:$G$212,"Underestimated") -> 0 | F6: =COUNTIFS('Prediction Ledger'!$B$3:$B$212,$A6,'Prediction Ledger'!$G$3:$G$212,"Wrong axis") -> 0 | G6: =COUNTIFS('Prediction Ledger'!$B$3:$B$212,$A6,'Prediction Ledger'!$G$3:$G$212,"Surprising") -> 1 | H6: =IFERROR(C6/(C6+D6+E6+F6),"—") -> 0.6 | I6: =IF(SUM(D6:G6)=0,"—",INDEX($D$4:$G$4,MATCH(MAX(D6:G6),D6:G6,0))) -> Overestimated
A7: Marco | B7: =COUNTIF('Prediction Ledger'!$B$3:$B$212,$A7) -> 6 | C7: =COUNTIFS('Prediction Ledger'!$B$3:$B$212,$A7,'Prediction Ledger'!$G$3:$G$212,"Correct") -> 2 | D7: =COUNTIFS('Prediction Ledger'!$B$3:$B$212,$A7,'Prediction Ledger'!$G$3:$G$212,"Overestimated") -> 3 | E7: =COUNTIFS('Prediction Ledger'!$B$3:$B$212,$A7,'Prediction Ledger'!$G$3:$G$212,"Underestimated") -> 0 | F7: =COUNTIFS('Prediction Ledger'!$B$3:$B$212,$A7,'Prediction Ledger'!$G$3:$G$212,"Wrong axis") -> 0 | G7: =COUNTIFS('Prediction Ledger'!$B$3:$B$212,$A7,'Prediction Ledger'!$G$3:$G$212,"Surprising") -> 1 | H7: =IFERROR(C7/(C7+D7+E7+F7),"—") -> 0.4 | I7: =IF(SUM(D7:G7)=0,"—",INDEX($D$4:$G$4,MATCH(MAX(D7:G7),D7:G7,0))) -> Overestimated
A8: Sarah | B8: =COUNTIF('Prediction Ledger'!$B$3:$B$212,$A8) -> 6 | C8: =COUNTIFS('Prediction Ledger'!$B$3:$B$212,$A8,'Prediction Ledger'!$G$3:$G$212,"Correct") -> 3 | D8: =COUNTIFS('Prediction Ledger'!$B$3:$B$212,$A8,'Prediction Ledger'!$G$3:$G$212,"Overestimated") -> 1 | E8: =COUNTIFS('Prediction Ledger'!$B$3:$B$212,$A8,'Prediction Ledger'!$G$3:$G$212,"Underestimated") -> 0 | F8: =COUNTIFS('Prediction Ledger'!$B$3:$B$212,$A8,'Prediction Ledger'!$G$3:$G$212,"Wrong axis") -> 1 | G8: =COUNTIFS('Prediction Ledger'!$B$3:$B$212,$A8,'Prediction Ledger'!$G$3:$G$212,"Surprising") -> 1 | H8: =IFERROR(C8/(C8+D8+E8+F8),"—") -> 0.6 | I8: =IF(SUM(D8:G8)=0,"—",INDEX($D$4:$G$4,MATCH(MAX(D8:G8),D8:G8,0))) -> Overestimated
A9: Elena | B9: =COUNTIF('Prediction Ledger'!$B$3:$B$212,$A9) -> 5 | C9: =COUNTIFS('Prediction Ledger'!$B$3:$B$212,$A9,'Prediction Ledger'!$G$3:$G$212,"Correct") -> 3 | D9: =COUNTIFS('Prediction Ledger'!$B$3:$B$212,$A9,'Prediction Ledger'!$G$3:$G$212,"Overestimated") -> 1 | E9: =COUNTIFS('Prediction Ledger'!$B$3:$B$212,$A9,'Prediction Ledger'!$G$3:$G$212,"Underestimated") -> 1 | F9: =COUNTIFS('Prediction Ledger'!$B$3:$B$212,$A9,'Prediction Ledger'!$G$3:$G$212,"Wrong axis") -> 0 | G9: =COUNTIFS('Prediction Ledger'!$B$3:$B$212,$A9,'Prediction Ledger'!$G$3:$G$212,"Surprising") -> 0 | H9: =IFERROR(C9/(C9+D9+E9+F9),"—") -> 0.6 | I9: =IF(SUM(D9:G9)=0,"—",INDEX($D$4:$G$4,MATCH(MAX(D9:G9),D9:G9,0))) -> Overestimated
A10: All personas | B10: =SUM(B5:B9) -> 27 | C10: =SUM(C5:C9) -> 13 | D10: =SUM(D5:D9) -> 8 | E10: =SUM(E5:E9) -> 1 | F10: =SUM(F5:F9) -> 2 | G10: =SUM(G5:G9) -> 3 | H10: =IFERROR(C10/(C10+D10+E10+F10),"—") -> 0.54166667

Sheet Round Log
A1: Round Log — proof the personas are improving
A2: One row per test round. R1 pulls from the Scorecard automatically; add a row each round and watch Accuracy climb. (Example rounds shown.)
A4: Round | B4: Date | C4: Predictions tested | D4: Correct | E4: Surprising (new) | F4: Accuracy | G4: Personas updated | H4: Key change made
A5: R1 (baseline) | B5: 16 Jul 2026 | C5: =Scorecard!C10+Scorecard!D10+Scorecard!E10+Scorecard!F10 -> 24 | D5: =Scorecard!C10 -> 13 | E5: =Scorecard!G10 -> 3 | F5: =IFERROR(D5/C5,"—") -> 0.54166667 | G5: — (baseline) | H5: Logged the synthetic predictions from the persona assessment; no edits yet.
A6: R2 (post-fixes) | B6: 30 Jul 2026 | C6: 20 | D6: 15 | E6: 1 | F6: =IFERROR(D6/C6,"—") -> 0.75 | G6: Daniel v2, Camila v2, Marco v2 | H6: Added scenario-narrative headline, rule-rationale field, and ABP variance column.
A7: R3 (post-fixes) | B7: 13 Aug 2026 | C7: 18 | D7: 16 | E7: 0 | F7: =IFERROR(D7/C7,"—") -> 0.88888889 | G7: Sarah v2, Elena v2 | H7: Added driver methodology card, scenario persistence, and portfolio grouping.
F8: =IFERROR(D8/C8,"—") -> —
F9: =IFERROR(D9/C9,"—") -> —
F10: =IFERROR(D10/C10,"—") -> —
F11: =IFERROR(D11/C11,"—") -> —
F12: =IFERROR(D12/C12,"—") -> —

Sheet How to use
A1: Persona Prediction Ledger — worked example
A2: This is a filled-in EXAMPLE. The green “Compare” columns and Rounds R2–R3 are hypothetical — replace them with your own findings. Everything else is a live template.
A4: The loop
A5: 1 · Predict | B5: Before a test, log one row per prediction — persona, a specific and falsifiable predicted behavior, and your confidence (High / Medium / Low).
A6: 2 · Compare | B6: After the test, fill Actual behavior, pick the Delta, and note the Persona update needed.
A7: 3 · Version | B7: End of each round: apply the updates, bump the persona version, and add a Round Log row. Accuracy climbs 54% → 75% → 89% in this example.
A9: Delta types — plain-English labels for how a prediction turned out
A10: Correct | B10: Real users behaved as predicted. No change needed.
A11: Underestimated | B11: Users did more, cared more, or were more capable than predicted. → Add or strengthen the trait.
A12: Overestimated | B12: Users did less, cared less, or were less demanding than predicted. → Soften or lower the trait.
A13: Wrong axis | B13: Right behavior, wrong reason or dimension. → Fix the “why” behind it.
A14: Surprising | B14: Users did something no persona predicted. → Add a net-new trait.
A16: Scoring
A17: Accuracy | B17: Correct ÷ (all predictions except Surprising). Surprising sits outside — those are discoveries, not misses.
A18: Confidence | B18: Logged so you can catch over-confidence: a persona that’s often High-confidence but wrong needs recalibrating, not just editing.
A20: What this example shows
A21: One clear pattern | B21: Every persona’s top delta is “Overestimated” — the personas over-dramatize user friction and strictness. The fix across the board is to soften those traits, not add new ones.
